{"version":1,"addons":{"gmp-widevinecdm":{"id":"gmp-widevinecdm","enabled":true,"installed":true,"modified":1713236492525,"type":"plugin","scope":4,"foreignInstall":false},"gmp-widevinecdm-l1":{"id":"gmp-widevinecdm-l1","enabled":true,"installed":false,"modified":1713236480920,"type":"plugin","scope":4,"foreignInstall":false},"formautofill@mozilla.org":{"id":"formautofill@mozilla.org","guid":"{569b71a4-4bea-4d96-ad3d-df3ebbe05bf1}","enabled":true,"installed":true,"modified":1713236511370,"type":"extension","scope":1,"foreignInstall":false,"isSyncable":false},"pictureinpicture@mozilla.org":{"id":"pictureinpicture@mozilla.org","guid":"{4e540d45-d7e7-4409-8867-9a8ce6f0cf3b}","enabled":true,"installed":true,"modified":1713236511371,"type":"extension","scope":1,"foreignInstall":false,"isSyncable":false},"screenshots@mozilla.org":{"id":"screenshots@mozilla.org","guid":"{c6d6be03-fe8e-4141-bf07-8b4a3a302397}","enabled":true,"installed":true,"modified":1713236511372,"type":"extension","scope":1,"foreignInstall":false,"isSyncable":false},"webcompat-reporter@mozilla.org":{"id":"webcompat-reporter@mozilla.org","guid":"{e2c7a537-ab5c-451e-83a1-c8eab0ffb452}","enabled":false,"installed":true,"modified":1713236511372,"type":"extension","scope":1,"foreignInstall":false,"isSyncable":false},"webcompat@mozilla.org":{"id":"webcompat@mozilla.org","guid":"{2d47ada9-cf9f-4269-9ce9-fe5f5809ee1f}","enabled":true,"installed":true,"modified":1713236511373,"type":"extension","scope":1,"foreignInstall":false,"isSyncable":false},"default-theme@mozilla.org":{"id":"default-theme@mozilla.org","guid":"{c3e0582c-6fe1-4e68-848e-d53fa9e2aae7}","enabled":true,"installed":true,"modified":1713236511374,"type":"theme","scope":4,"foreignInstall":false,"isSyncable":false},"addons-search-detection@mozilla.com":{"id":"addons-search-detection@mozilla.com","guid":"{d999cc04-f050-4c4a-8b44-140957b57529}","enabled":true,"installed":true,"modified":1713236511375,"type":"extension","scope":4,"foreignInstall":false,"isSyncable":false},"google@search.mozilla.org":{"id":"google@search.mozilla.org","guid":"{49ad683f-60ee-409d-8fe8-539a2ae06ebf}","enabled":true,"installed":true,"modified":1713236511375,"type":"extension","scope":4,"foreignInstall":false,"isSyncable":false},"wikipedia@search.mozilla.org":{"id":"wikipedia@search.mozilla.org","guid":"{cfe4d6bc-c142-434b-985d-a76f3b0c2807}","enabled":true,"installed":true,"modified":1713236511375,"type":"extension","scope":4,"foreignInstall":false,"isSyncable":false},"bing@search.mozilla.org":{"id":"bing@search.mozilla.org","guid":"{391ab408-e8d3-48a9-b6ba-4c9a8dbf4d69}","enabled":true,"installed":true,"modified":1713236511376,"type":"extension","scope":4,"foreignInstall":false,"isSyncable":false},"ddg@search.mozilla.org":{"id":"ddg@search.mozilla.org","guid":"{eba4fa9e-afe2-4236-b879-e6fd8cd9e513}","enabled":true,"installed":true,"modified":1713236511377,"type":"extension","scope":4,"foreignInstall":false,"isSyncable":false},"firefox-compact-light@mozilla.org":{"id":"firefox-compact-light@mozilla.org","guid":"{c58f890c-4fb4-4532-9919-d5a19ed5a9a4}","enabled":false,"installed":true,"modified":1713236511379,"type":"theme","scope":4,"foreignInstall":false,"isSyncable":false},"firefox-compact-dark@mozilla.org":{"id":"firefox-compact-dark@mozilla.org","guid":"{bfd10b8c-822f-4c62-8a9d-2eb0fefe7517}","enabled":false,"installed":true,"modified":1713236511379,"type":"theme","scope":4,"foreignInstall":false,"isSyncable":false},"firefox-alpenglow@mozilla.org":{"id":"firefox-alpenglow@mozilla.org","guid":"{20ea9702-4ead-46b8-9da0-c65f532cd3c5}","enabled":false,"installed":true,"modified":1713236511379,"type":"theme","scope":4,"foreignInstall":false,"isSyncable":false},"gmp-gmpopenh264":{"id":"gmp-gmpopenh264","enabled":true,"installed":true,"modified":1713236511379,"type":"plugin","scope":4,"foreignInstall":false},"support@lastpass.com":{"id":"support@lastpass.com","guid":"{f96e51c4-275b-408c-971e-1d7f876c06f3}","enabled":false,"installed":true,"modified":1713236525116,"type":"extension","scope":1,"foreignInstall":false,"isSyncable":true}},"changes":[[1713236480901,1,"gmp-widevinecdm"],[1713236480920,1,"gmp-widevinecdm-l1"],[1713236492493,2,"gmp-widevinecdm"],[1713236511370,1,"formautofill@mozilla.org"],[1713236511371,1,"pictureinpicture@mozilla.org"],[1713236511372,1,"screenshots@mozilla.org"],[1713236511372,1,"webcompat-reporter@mozilla.org"],[1713236511373,1,"webcompat@mozilla.org"],[1713236511374,1,"default-theme@mozilla.org"],[1713236511375,1,"addons-search-detection@mozilla.com"],[1713236511375,1,"google@search.mozilla.org"],[1713236511375,1,"wikipedia@search.mozilla.org"],[1713236511376,1,"bing@search.mozilla.org"],[1713236511377,1,"ddg@search.mozilla.org"],[1713236511379,1,"firefox-compact-light@mozilla.org"],[1713236511379,1,"firefox-compact-dark@mozilla.org"],[1713236511379,1,"firefox-alpenglow@mozilla.org"],[1713236511379,1,"gmp-gmpopenh264"],[1713236511414,2,"gmp-widevinecdm-l1"],[1713236525116,1,"support@lastpass.com"]]}