{"add-an-image-to-pdf-with-alt-text-rollout":{"slug":"add-an-image-to-pdf-with-alt-text-rollout","branch":{"slug":"control","ratio":1,"feature":{"value":{},"enabled":false,"featureId":"this-is-included-for-desktop-pre-95-support"},"features":[{"value":{"boolean":true},"enabled":true,"featureId":"addAnImageInPDF"}]},"active":true,"experimentType":"rollout","source":"rs-loader","userFacingName":"Add an Image to PDF (with Alt Text) - Rollout","userFacingDescription":"One of the important features users need when managing their PDF files is adding an image. Users want an easy way to add an image to their PDF documents that they can easily resize and move around the document. This experiment measures the impact of launching this feature for Firefox users and if that impacts their usage in any way. Specifically, we are trying to understand the impact on Firefox Daily Active Users (DAU) as a result of launching this feature.","lastSeen":"2024-04-15T18:49:17.013Z","featureIds":["addAnImageInPDF"],"prefs":[{"name":"pdfjs.enableStampEditor","branch":"default","featureId":"addAnImageInPDF","variable":"boolean","originalValue":true}],"isRollout":true},"csv-import-release-rollout":{"slug":"csv-import-release-rollout","branch":{"slug":"enable-csv-import","ratio":1,"feature":{"value":{},"enabled":false,"featureId":"this-is-included-for-desktop-pre-95-support"},"features":[{"value":{"csvImport":true},"enabled":true,"featureId":"cm-csv-import"}]},"active":true,"experimentType":"rollout","source":"rs-loader","userFacingName":"CSV Import (Release Rollout)","userFacingDescription":"This rollout enables users to import logins from a CSV file from the about:logins page.","lastSeen":"2024-04-15T18:49:17.077Z","featureIds":["cm-csv-import"],"prefs":[{"name":"signon.management.page.fileImport.enabled","branch":"default","featureId":"cm-csv-import","variable":"csvImport","originalValue":true}],"isRollout":true},"ech-roll-out":{"slug":"ech-roll-out","branch":{"slug":"rollout","ratio":1,"feature":{"value":{},"enabled":false,"featureId":"this-is-included-for-desktop-pre-95-support"},"features":[{"value":{"h3Enabled":true,"tlsEnabled":true,"tlsGreaseProb":100,"h3GreaseEnabled":true,"forceWaitHttpsRR":true,"insecureFallback":false,"greasePaddingSize":100,"disableGreaseOnFallback":false},"enabled":true,"featureId":"echPrefs"}]},"active":true,"experimentType":"rollout","source":"rs-loader","userFacingName":"Encrypted Client Hello","userFacingDescription":"Encrypted Client Hello is a new TLS feature which provides greater privacy for HTTPS connections.","lastSeen":"2024-04-15T18:49:17.081Z","featureIds":["echPrefs"],"prefs":[{"name":"network.dns.http3_echconfig.enabled","branch":"default","featureId":"echPrefs","variable":"h3Enabled","originalValue":true},{"name":"network.dns.echconfig.enabled","branch":"default","featureId":"echPrefs","variable":"tlsEnabled","originalValue":true},{"name":"security.tls.ech.grease_probability","branch":"default","featureId":"echPrefs","variable":"tlsGreaseProb","originalValue":100},{"name":"security.tls.ech.grease_http3","branch":"default","featureId":"echPrefs","variable":"h3GreaseEnabled","originalValue":true},{"name":"network.dns.force_waiting_https_rr","branch":"default","featureId":"echPrefs","variable":"forceWaitHttpsRR","originalValue":true},{"name":"network.dns.echconfig.fallback_to_origin_when_all_failed","branch":"default","featureId":"echPrefs","variable":"insecureFallback","originalValue":false},{"name":"security.tls.ech.grease_size","branch":"default","featureId":"echPrefs","variable":"greasePaddingSize","originalValue":100},{"name":"security.tls.ech.disable_grease_on_fallback","branch":"default","featureId":"echPrefs","variable":"disableGreaseOnFallback","originalValue":false}],"isRollout":true},"fox-doodle-set-to-default-early-day-user-en-treatment-a-rollout":{"slug":"fox-doodle-set-to-default-early-day-user-en-treatment-a-rollout","branch":{"slug":"treatment-a","ratio":1,"feature":{"value":{},"enabled":false,"featureId":"this-is-included-for-desktop-pre-95-support"},"features":[{"value":{"id":"fox-doodle-set-to-default-early-day-user:A","groups":["eco"],"content":{"id":"fox-doodle-set-to-default-early-day-user:A","screens":[{"id":"SET_DEFAULT","content":{"logo":{"height":"140px","imageURL":"https://firefox-settings-attachments.cdn.mozilla.net/main-workspace/ms-images/05f5265b-d1e4-4fe1-9a46-0ea36f8afced.png","reducedMotionImageURL":"https://firefox-settings-attachments.cdn.mozilla.net/main-workspace/ms-images/05f5265b-d1e4-4fe1-9a46-0ea36f8afced.png"},"title":{"raw":"Keep pesky trackers off your tail","fontSize":"22px","fontWeight":590,"paddingBlock":"4px 0","letterSpacing":0,"paddingInline":"24px"},"subtitle":{"raw":"Say goodbye to annoying ad trackers and settle into a safer, speedy internet experience.","fontSize":"15px","lineHeight":"1.4","marginBlock":"8px 16px","letterSpacing":0,"paddingInline":"24px"},"dismiss_button":{"action":{"navigate":true}},"primary_button":{"label":{"raw":"Open my links with Firefox","marginBlock":"4px 0","paddingBlock":"0","paddingInline":"16px"},"action":{"type":"SET_DEFAULT_BROWSER","navigate":true}},"secondary_button":{"label":{"raw":"Not now","marginBlock":"0 -20px"},"action":{"navigate":true}}}}],"backdrop":"transparent","template":"multistage","transitions":true},"trigger":{"id":"defaultBrowserCheck"},"priority":1,"template":"spotlight","frequency":{"lifetime":1},"targeting":"source == 'startup' && !willShowDefaultPrompt && !isMajorUpgrade && !activeNotifications && (((currentDate|date) - (profileAgeCreated|date)) / 3600000 >= 6) && !isDefaultBrowser"},"enabled":true,"featureId":"fxms-message-4"}]},"active":true,"experimentType":"rollout","source":"rs-loader","userFacingName":"Fox Doodle: Set to Default - Early Day User EN - Treatment A Rollout","userFacingDescription":"Set-to-default prompt highlighting benefits of choosing Firefox","lastSeen":"2024-04-15T18:49:17.120Z","featureIds":["fxms-message-4"],"prefs":[],"isRollout":true},"mozillaaccounts-toolbar-button-default-visibility-existing-user":{"slug":"mozillaaccounts-toolbar-button-default-visibility-existing-user","branch":{"slug":"treatment-a","ratio":1,"feature":{"value":{},"enabled":false,"featureId":"this-is-included-for-desktop-pre-95-support"},"features":[{"value":{"boolean":true},"enabled":true,"featureId":"fxaButtonVisibility"}]},"active":true,"experimentType":"rollout","source":"rs-loader","userFacingName":"MozillaAccounts toolbar button default visibility rollout","userFacingDescription":"This experiment measures the impact of showing the Firefox Accounts toolbar button by default for signed-out users.","lastSeen":"2024-04-15T18:49:17.126Z","featureIds":["fxaButtonVisibility"],"prefs":[{"name":"identity.fxaccounts.toolbar.defaultVisible","branch":"user","featureId":"fxaButtonVisibility","variable":"boolean","originalValue":null}],"isRollout":true},"upgrade-spotlight-rollout":{"slug":"upgrade-spotlight-rollout","branch":{"slug":"treatment","ratio":1,"feature":{"value":{},"enabled":false,"featureId":"this-is-included-for-desktop-pre-95-support"},"features":[{"value":{"enabled":false},"enabled":true,"featureId":"upgradeDialog"}]},"active":true,"experimentType":"rollout","source":"rs-loader","userFacingName":"Upgrade Spotlight Rollout","userFacingDescription":"Experimenting on onboarding content when you upgrade Firefox.","lastSeen":"2024-04-15T18:49:17.181Z","featureIds":["upgradeDialog"],"prefs":[],"isRollout":true},"firefox-desktop-long-term-holdback-validation-release":{"slug":"firefox-desktop-long-term-holdback-validation-release","branch":{"slug":"delivery","ratio":9,"feature":{"value":{},"enabled":false,"featureId":"this-is-included-for-desktop-pre-95-support"},"features":[{"value":{},"enabled":true,"featureId":"no-feature-firefox-desktop"}]},"active":true,"experimentType":"nimbus","source":"rs-loader","userFacingName":"Firefox Desktop Long-term Holdback Validation Release","userFacingDescription":"This is an internal test of new experiment tooling","lastSeen":"2024-04-15T18:49:17.254Z","featureIds":["no-feature-firefox-desktop"],"prefs":[],"isRollout":false},"phc-rollout":{"slug":"phc-rollout","branch":{"slug":"rollout","ratio":1,"feature":{"value":{},"enabled":false,"featureId":"this-is-included-for-desktop-pre-95-support"},"features":[{"value":{"phcEnabled":true},"enabled":true,"featureId":"phc"}]},"active":true,"experimentType":"rollout","source":"rs-loader","userFacingName":"PHC Rollout","userFacingDescription":"Roll out the Probabilistic Heap Checker in Firefox Release.","lastSeen":"2024-04-15T18:49:17.338Z","featureIds":["phc"],"prefs":[{"name":"memory.phc.enabled","branch":"user","featureId":"phc","variable":"phcEnabled","originalValue":null}],"isRollout":true}}