{"version":1,"accountData":{"email":"obryan_vip@hotmail.com","sessionToken":"27b67d81d9c6c02797cc97d6a1ee130607198bb29ca4bd01dee91cad4e9e5f56","uid":"1f286f92b2e54d93ab024d0eb3ccf6c2","verified":false,"device":{"sendTabKeys":{"publicKey":"BCCIdlSW_q-JGtzkkNLuCDwQh2MGqdTHqxpiNkbakRKIjZEy7SaHX39ATGKKS9X2SM8bKpcMj8IpeVEJm1RJxXw","privateKey":{"crv":"P-256","d":"jdcl6mToKJcyjrLeZTJfNBni6Af9Nf9iVP1QuHE0kWY","ext":true,"key_ops":["deriveBits"],"kty":"EC","x":"IIh2VJb-r4ka3OSQ0u4IPBCHYwap1MerGmI2RtqREog","y":"jZEy7SaHX39ATGKKS9X2SM8bKpcMj8IpeVEJm1RJxXw"},"authSecret":"JRL-YKbStm0EGz18xlV14g"},"id":"ec11ed815496656fd91899fc38da3c8f","registrationVersion":2,"registeredCommandsKeys":[]}}}